Wikipedia  Names,Position,Joined Congress,ODU-WSDL,CSPAN,TweetCongress,Github,REMARK
Doug Jones ,Sen,3-Jan-18,sendougjones,sendougjones,sendougjones,sendougjones,
Richard Shelby ,Sen,3-Jan-87,SenShelby,SenShelby,SenShelby,SenShelby,
Dan Sullivan ,Sen,3-Jan-15,SenDanSullivan,SenDanSullivan,SenDanSullivan,SenDanSullivan,
Lisa Murkowski ,Sen,20-Dec-02,LisaMurkowski,LisaMurkowski,LisaMurkowski,LisaMurkowski,
Kyrsten Sinema ,Sen,3-Jan-19,SenatorSinema,SenatorSinema,SenatorSinema,SenatorSinema,
Martha McSally ,Sen,3-Jan-19,SenMcSallyAZ,SenMcSallyAZ,SenMcSallyAZ,SenMcSallyAZ,
Tom Cotton ,Sen,3-Jan-15,SenTomCotton,SenTomCotton,SenTomCotton,SenTomCotton,
John Boozman ,Sen,3-Jan-11,JohnBoozman,JohnBoozman,JohnBoozman,JohnBoozman,
Dianne Feinstein ,Sen,4-Nov-92,SenFeinstein,SenFeinstein,SenFeinstein,SenFeinstein,
Kamala Harris ,Sen,3-Jan-17,SenKamalaHarris,SenKamalaHarris,SenKamalaHarris,SenKamalaHarris,
Cory Gardner ,Sen,3-Jan-15,SenCoryGardner,SenCoryGardner,SenCoryGardner,SenCoryGardner,
Michael Bennet ,Sen,21-Jan-09,SenatorBennet,SenatorBennet,SenatorBennet,SenatorBennet,
Chris Murphy ,Sen,3-Jan-13,ChrisMurphyCT,ChrisMurphyCT,senmurphyoffice,senmurphyoffice,ChrisMurphyCT(CSPAN) senmurphyoffice(REST) 
Richard Blumenthal ,Sen,3-Jan-11,SenBlumenthal,SenBlumenthal,SenBlumenthal,SenBlumenthal,
Tom Carper ,Sen,3-Jan-01,SenatorCarper,SenatorCarper,SenatorCarper,SenatorCarper,
Chris Coons ,Sen,15-Nov-10,ChrisCoons,ChrisCoons,ChrisCoons,ChrisCoons,
Rick Scott ,Sen,8-Jan-19,SenRickScott,SenRickScott,,,(Name is present with no Twitter handle in Github)
Marco Rubio ,Sen,3-Jan-11,marcorubio,marcorubio,SenRubioPress,SenRubioPress,marcorubio(CSPAN) SenRubioPress(REST)
David Perdue ,Sen,3-Jan-15,sendavidperdue,sendavidperdue,sendavidperdue,sendavidperdue,
Johnny Isakson ,Sen,3-Jan-05,SenatorIsakson,SenatorIsakson,SenatorIsakson,SenatorIsakson,
Mazie Hirono ,Sen,3-Jan-13,MazieHirono,MazieHirono,MazieHirono,MazieHirono,
Brian Schatz ,Sen,26-Dec-12,SenBrianSchatz,SenBrianSchatz,SenBrianSchatz,SenBrianSchatz,
Jim Risch ,Sen,3-Jan-09,SenatorRisch,SenatorRisch,SenatorRisch,SenatorRisch,
Mike Crapo ,Sen,3-Jan-99,MikeCrapo,MikeCrapo,MikeCrapo,MikeCrapo,
Dick Durbin ,Sen,3-Jan-15,SenatorDurbin,SenatorDurbin,SenatorDurbin,SenatorDurbin,
Tammy Duckworth ,Sen,3-Jan-17,SenDuckworth,SenDuckworth,SenDuckworth,SenDuckworth,
Mike Braun ,Sen,3-Jan-19,SenatorBraun,SenatorBraun,SenatorBraun,SenatorBraun,
Todd Young ,Sen,3-Jan-19,SenToddYoung,SenToddYoung,SenToddYoung,SenToddYoung,
Joni Ernst ,Sen,3-Jan-19,SenJoniErnst,SenJoniErnst,SenJoniErnst,SenJoniErnst,
Chuck Grassley ,Sen,3-Jan-19,ChuckGrassley,ChuckGrassley,ChuckGrassley,ChuckGrassley,
Pat Roberts ,Sen,3-Jan-97,SenPatRoberts,SenPatRoberts,SenPatRoberts,SenPatRoberts,
Jerry Moran ,Sen,3-Jan-11,JerryMoran,JerryMoran,JerryMoran,JerryMoran,
Mitch McConnell ,Sen,3-Jan-15,McConnellPress,McConnellPress,McConnellPress,McConnellPress,
Rand Paul ,Sen,3-Jan-11,RandPaul,RandPaul,RandPaul,RandPaul,
Bill Cassidy ,Sen,3-Jan-15,SenBillCassidy,SenBillCassidy,SenBillCassidy,,(Name is present with no Twitter handle in Github)
John Kennedy ,Sen,3-Jan-17,SenJohnKennedy,SenJohnKennedy,SenJohnKennedy,SenJohnKennedy,
Angus King ,Sen,3-Jan-13,SenAngusKing,SenAngusKing,SenAngusKing,SenAngusKing,
Susan Collins ,Sen,3-Jan-97,SenatorCollins,SenatorCollins,SenatorCollins,SenatorCollins,
Ben Cardin ,Sen,3-Jan-07,SenatorCardin,SenatorCardin,SenatorCardin,SenatorCardin,
Chris Van Hollen,Sen,3-Jan-17,ChrisVanHollen,ChrisVanHollen,ChrisVanHollen,ChrisVanHollen,
Elizabeth Warren ,Sen,3-Jan-13,SenWarren,SenWarren,SenWarren,SenWarren,
Ed Markey ,Sen,16-Jul-13,SenMarkey,SenMarkey,SenMarkey,SenMarkey,
Debbie Stabenow ,Sen,3-Jan-01,SenStabenow,SenStabenow,SenStabenow,SenStabenow,
Gary Peters ,Sen,3-Jan-19,SenGaryPeters,SenGaryPeters,SenGaryPeters,SenGaryPeters,
Amy Klobuchar ,Sen,3-Jan-07,SenAmyKlobuchar,SenAmyKlobuchar,SenAmyKlobuchar,SenAmyKlobuchar,
Tina Smith ,Sen,3-Jan-18,SenTinaSmith,SenTinaSmith,SenTinaSmith,SenTinaSmith,
Roger Wicker ,Sen,31-Dec-07,SenatorWicker,SenatorWicker,SenatorWicker,SenatorWicker,
Cindy Hyde-Smith ,Sen,9-Apr-18,SenHydeSmith,SenHydeSmith,SenHydeSmith,SenHydeSmith,
Josh Hawley ,Sen,3-Jan-19,SenHawleyPress,SenHawleyPress,SenHawleyPress,SenHawleyPress,
Roy Blunt ,Sen,10-Apr-18,RoyBlunt,RoyBlunt,RoyBlunt,RoyBlunt,
Jon Tester ,Sen,3-Jan-07,SenatorTester,SenatorTester,SenatorTester,SenatorTester,
Steve Daines ,Sen,3-Jan-15,SteveDaines,SteveDaines,SteveDaines,SteveDaines,
Deb Fischer ,Sen,3-Jan-13,SenatorFischer,SenatorFischer,SenatorFischer,SenatorFischer,
Ben Sasse ,Sen,3-Jan-15,SenSasse,SenSasse,SenSasse,SenSasse,
Jacky Rosen ,Sen,3-Jan-19,SenJackyRosen,SenJackyRosen,SenJackyRosen,SenJackyRosen,
Catherine Cortez Masto,Sen,3-Jan-19,sencortezmasto,sencortezmasto,sencortezmasto,sencortezmasto,
Jeanne Shaheen ,Sen,3-Jan-09,SenatorShaheen,SenatorShaheen,SenatorShaheen,SenatorShaheen,
Maggie Hassan ,Sen,3-Jan-17,Senatorhassan,Senatorhassan,Senatorhassan,Senatorhassan,
Robert Menendez ,Sen,17-Jan-06,SenatorMenendez,SenatorMenendez,SenatorMenendez,SenatorMenendez,
Cory Booker ,Sen,31-Oct-13,SenBooker,SenBooker,SenBooker,SenBooker,
Martin Heinrich ,Sen,3-Jan-13,MartinHeinrich,MartinHeinrich,MartinHeinrich,MartinHeinrich,
Tom Udall ,Sen,3-Jan-09,SenatorTomUdall,SenatorTomUdall,SenatorTomUdall,SenatorTomUdall,
Kirsten Gillibrand ,Sen,26-Jan-09,GillibrandNY,GillibrandNY,GillibrandNY,GillibrandNY,
Chuck Schumer ,Sen,3-Jan-17,SenSchumer,SenSchumer,SenSchumer,SenSchumer,
Thom Tillis ,Sen,3-Jan-15,senthomtillis,senthomtillis,senthomtillis,senthomtillis,
Richard Burr ,Sen,3-Jan-05,SenatorBurr,SenatorBurr,SenatorBurr,SenatorBurr,
Kevin Cramer ,Sen,3-Jan-19,SenKevinCramer,SenKevinCramer,SenKevinCramer,SenKevinCramer,
John Hoeven ,Sen,3-Jan-11,SenJohnHoeven,SenJohnHoeven,SenJohnHoeven,SenJohnHoeven,
Sherrod Brown ,Sen,3-Jan-07,SenSherrodBrown,SenSherrodBrown,SenSherrodBrown,SenSherrodBrown,
Rob Portman ,Sen,3-Jan-11,SenRobPortman,SenRobPortman,SenRobPortman,SenRobPortman,
James Inhofe ,Sen,16-Nov-94,JimInhofe,JimInhofe,InhofePress,InhofePres,JimInhofe(CSPAN) InhofePress(REST)
James Lankford ,Sen,3-Jan-15,SenatorLankford,SenatorLankford,SenatorLankford,SenatorLankford,
Jeff Merkley ,Sen,3-Jan-09,SenJeffMerkley,SenJeffMerkley,SenJeffMerkley,SenJeffMerkley,
Ron Wyden ,Sen,5-Feb-96,RonWyden,RonWyden,RonWyden,RonWyden,
Bob Casey Jr.,Sen,3-Jan-07,SenBobCasey,SenBobCasey,SenBobCasey,SenBobCasey,
Pat Toomey ,Sen,3-Jan-11,SenToomey,SenToomey,SenToomey,SenToomey,
Sheldon Whitehouse ,Sen,3-Jan-07,SenWhitehouse,SenWhitehouse,SenWhitehouse,SenWhitehouse,
Jack Reed ,Sen,3-Jan-97,SenJackReed,SenJackReed,SenJackReed,SenJackReed,
Lindsey Graham ,Sen,3-Jan-03,GrahamBlog,GrahamBlog,GrahamBlog,GrahamBlog,
Tim Scott ,Sen,2-Jan-13,SenatorTimScott,SenatorTimScott,SenatorTimScott,SenatorTimScott,
Mike Rounds ,Sen,3-Jan-15,SenatorRounds,SenatorRounds,SenatorRounds,SenatorRounds,
John Thune ,Sen,3-Jan-19,SenJohnThune,SenJohnThune,SenJohnThune,SenJohnThune,
Marsha Blackburn ,Sen,3-Jan-19,MarshaBlackburn,MarshaBlackburn,MarshaBlackburn,MarshaBlackburn,
Lamar Alexander ,Sen,3-Jan-03,SenAlexander,SenAlexander,SenAlexander,SenAlexander,
Ted Cruz ,Sen,3-Jan-13,SenTedCruz,SenTedCruz,SenTedCruz,SenTedCruz,
John Cornyn ,Sen,2-Dec-02,JohnCornyn,JohnCornyn,JohnCornyn,JohnCornyn,
Mitt Romney ,Sen,3-Jan-19,SenatorRomney,SenatorRomney,SenatorRomney,SenatorRomney,
Mike Lee ,Sen,3-Jan-19,SenMikeLee,SenMikeLee,SenMikeLee,SenMikeLee,
Bernie Sanders ,Sen,3-Jan-07,SenSanders,SenSanders,SenSanders,SenSanders,
Patrick Leahy ,Sen,3-Jan-75,SenatorLeahy,SenatorLeahy,SenatorLeahy,SenatorLeahy,
Tim Kaine ,Sen,3-Jan-13,timkaine,timkaine,,,(Name is present with no Twitter handle in Github)
Mark Warner ,Sen,3-Jan-17,MarkWarner,MarkWarner,MarkWarner,MarkWarner,
Maria Cantwell ,Sen,3-Jan-01,SenatorCantwell,SenatorCantwell,SenatorCantwell,SenatorCantwell,
Patty Murray ,Sen,3-Jan-17,PattyMurray,PattyMurray,PattyMurray,PattyMurray,
Joe Manchin ,Sen,15-Nov-10,Sen_JoeManchin,Sen_JoeManchin,Sen_JoeManchin,Sen_JoeManchin,
Shelley Moore Capito,Sen,3-Jan-15,SenCapito,SenCapito,SenCapito,SenCapito,
Tammy Baldwin ,Sen,3-Jan-13,SenatorBaldwin,SenatorBaldwin,SenatorBaldwin,SenatorBaldwin,
Ron Johnson ,Sen,3-Jan-11,SenRonJohnson,SenRonJohnson,SenRonJohnson,SenRonJohnson,
John Barrasso ,Sen,3-Jan-19,SenJohnBarrasso,SenJohnBarrasso,SenJohnBarrasso,SenJohnBarrasso,
Mike Enzi ,Sen,3-Jan-97,SenatorEnzi,SenatorEnzi,SenatorEnzi,SenatorEnzi,
Abby Finkenauer ,Rep,3-Jan-19,RepFinkenauer,RepFinkenauer,RepFinkenauer,RepFinkenauer,
Abigail Spanberger ,Rep,3-Jan-19,RepSpanberger,RepSpanberger,RepSpanberger,RepSpanberger,
Adam Kinzinger ,Rep,3-Jan-13,RepKinzinger,RepKinzinger,RepKinzinger,RepKinzinger,
Adam Schiff ,Rep,3-Jan-01,RepAdamSchiff,RepAdamSchiff,RepAdamSchiff,RepAdamSchiff,
Adam Smith ,Rep,3-Jan-97,RepAdamSmith,RepAdamSmith,RepAdamSmith,RepAdamSmith,
Adrian Smith ,Rep,3-Jan-07,RepAdrianSmith,RepAdrianSmith,RepAdrianSmith,RepAdrianSmith,
Adriano Espaillat ,Rep,3-Jan-17,RepEspaillat,RepEspaillat,RepEspaillat,RepEspaillat,
Al Green ,Rep,3-Jan-05,RepAlGreen,RepAlGreen,RepAlGreen,RepAlGreen,
Al Lawson ,Rep,3-Jan-17,RepAlLawsonJr,RepAlLawsonJr,RepAlLawsonJr,RepAlLawsonJr,
Alan Lowenthal ,Rep,3-Jan-13,RepLowenthal,RepLowenthal,RepLowenthal,RepLowenthal,
Albio Sires ,Rep,3-Jan-13,RepSires,RepSires,RepSires,RepSires,
Alcee Hastings ,Rep,3-Jan-93,RepHastingsFL,RepHastingsFL,RepHastingsFL,RepHastingsFL,
Alex Mooney ,Rep,3-Jan-15,RepAlexMooney,RepAlexMooney,RepAlexMooney,RepAlexMooney,
Alexandria Ocasio-Cortez ,Rep,3-Jan-19,RepAOC,RepAOC,RepAOC,RepAOC,
Alma Adams ,Rep,4-Nov-14,RepAdams,RepAdams,RepAdams,RepAdams,
Amata Coleman Radewagen,Rep,3-Jan-15,RepAmata,RepAmata,RepAmata,RepAmata,
Ami Bera ,Rep,3-Jan-13,RepBera,RepBera,RepBera,RepBera,
AndrÈ Carson ,Rep,11-Mar-08,RepAndreCarson,RepAndreCarson,RepAndreCarson,RepAndreCarson,
Andy Barr ,Rep,3-Jan-13,RepAndyBarr,RepAndyBarr,RepAndyBarr,RepAndyBarr,
Andy Biggs ,Rep,3-Jan-17,RepAndyBiggsAZ,RepAndyBiggsAZ,RepAndyBiggsAZ,RepAndyBiggsAZ,
Andy Harris ,Rep,3-Jan-11,RepAndyHarrisMD,RepAndyHarrisMD,RepAndyHarrisMD,RepAndyHarrisMD,
Andy Kim ,Rep,3-Jan-19,RepAndyKimNJ,RepAndyKimNJ,RepAndyKimNJ,RepAndyKimNJ,
Andy Levin ,Rep,3-Jan-19,RepAndyLevin,RepAndyLevin,RepAndyLevin,RepAndyLevin,
Angie Craig ,Rep,3-Jan-19,RepAngieCraig,RepAngieCraig,RepAngieCraig,RepAngieCraig,
Ann Kirkpatrick ,Rep,3-Jan-19,RepKirkpatrick,RepKirkpatrick,RepKirkpatrick,RepKirkpatrick,
Ann McLane Kuster,Rep,3-Jan-13,RepAnnieKuster,RepAnnieKuster,RepAnnieKuster,RepAnnieKuster,
Ann Wagner ,Rep,3-Jan-13,RepAnnWagner,RepAnnWagner,RepAnnWagner,RepAnnWagner,
Anna Eshoo ,Rep,3-Jan-13,RepAnnaEshoo,RepAnnaEshoo,RepAnnaEshoo,RepAnnaEshoo,
Anthony Brindisi ,Rep,3-Jan-19,RepBrindisi,RepBrindisi,RepBrindisi,RepBrindisi,
Anthony G. Brown,Rep,3-Jan-17,RepAnthonyBrown,RepAnthonyBrown,RepAnthonyBrown,RepAnthonyBrown,
Anthony Gonzalez ,Rep,3-Jan-19,RepAGonzalez,RepAGonzalez,RepAGonzalez,RepAGonzalez,
Antonio Delgado ,Rep,3-Jan-19,repdelgado,repdelgado,repdelgado,repdelgado,
Austin Scott ,Rep,3-Jan-11,AustinScottGA08,AustinScottGA08,AustinScottGA08,AustinScottGA08,
Ayanna Pressley ,Rep,3-Jan-19,RepPressley,RepPressley,RepPressley,RepPressley,
Barbara Lee ,Rep,21-Apr-98,RepBarbaraLee,RepBarbaraLee,RepBarbaraLee,RepBarbaraLee,
Barry Loudermilk ,Rep,3-Jan-15,RepLoudermilk,RepLoudermilk,RepLoudermilk,RepLoudermilk,
Ben Cline ,Rep,3-Jan-19,RepBenCline,RepBenCline,RepBenCline,RepBenCline,
Ben McAdams ,Rep,3-Jan-19,RepBenMcAdams,RepBenMcAdams,RepBenMcAdams,RepBenMcAdams,
Ben Ray Luj·n,Rep,3-Jan-09,RepBenRayLujan,RepBenRayLujan,RepBenRayLujan,RepBenRayLujan,
Bennie Thompson ,Rep,13-Apr-93,BennieGThompson,BennieGThompson,BennieGThompson,BennieGThompson,
Betty McCollum ,Rep,3-Jan-01,BettyMcCollum04,BettyMcCollum04,BettyMcCollum04,BettyMcCollum04,
Bill Flores ,Rep,3-Jan-11,RepBillFlores,RepBillFlores,RepBillFlores,RepBillFlores,
Bill Foster ,Rep,3-Jan-13,RepBillFoster,RepBillFoster,RepBillFoster,RepBillFoster,
Bill Huizenga ,Rep,3-Jan-11,RepHuizenga,RepHuizenga,RepHuizenga,RepHuizenga,
Bill Johnson ,Rep,3-Jan-11,RepBillJohnson,RepBillJohnson,RepBillJohnson,RepBillJohnson,
Bill Keating ,Rep,3-Jan-11,USRepKeating,USRepKeating,USRepKeating,USRepKeating,
Bill Pascrell ,Rep,3-Jan-13,BillPascrell,BillPascrell,BillPascrell,BillPascrell,
Bill Posey ,Rep,3-Jan-09,CongBillPosey,CongBillPosey,CongBillPosey,CongBillPosey,
Billy Long ,Rep,3-Jan-11,USRepLong,USRepLong,USRepLong,USRepLong,
Blaine Luetkemeyer ,Rep,3-Jan-13,RepBlaine,RepBlaine,RepBlaine,RepBlaine,
Bob Gibbs ,Rep,3-Jan-13,RepBobGibbs,RepBobGibbs,RepBobGibbs,RepBobGibbs,
Bob Latta ,Rep,11-Dec-07,boblatta,boblatta,boblatta,boblatta,
Bobby Rush ,Rep,3-Jan-93,RepBobbyRush,RepBobbyRush,RepBobbyRush,RepBobbyRush,
Bobby Scott ,Rep,3-Jan-93,BobbyScott,BobbyScott,BobbyScott,BobbyScott,
Bonnie Watson Coleman,Rep,3-Jan-15,RepBonnie,RepBonnie,RepBonnie,RepBonnie,
Brad Schneider ,Rep,3-Jan-17,repschneider,repschneider,repschneider,repschneider,
Brad Sherman ,Rep,3-Jan-97,BradSherman,BradSherman,BradSherman,BradSherman,
Brad Wenstrup ,Rep,3-Jan-13,RepBradWenstrup,RepBradWenstrup,RepBradWenstrup,RepBradWenstrup,
Bradley Byrne ,Rep,8-Jan-14,RepByrne,RepByrne,RepByrne,RepByrne,
Brenda Lawrence ,Rep,3-Jan-15,RepLawrence,RepLawrence,RepLawrence,RepLawrence,
Brendan Boyle ,Rep,3-Jan-15,CongBoyle,CongBoyle,CongBoyle,CongBoyle,
Brett Guthrie ,Rep,3-Jan-09,RepGuthrie,RepGuthrie,RepGuthrie,RepGuthrie,
Brian Babin ,Rep,3-Jan-15,RepBrianBabin,RepBrianBabin,RepBrianBabin,RepBrianBabin,
Brian Fitzpatrick ,Rep,3-Jan-17,repbrianfitz,repbrianfitz,repbrianfitz,repbrianfitz,
Brian Higgins ,Rep,3-Jan-13,RepBrianHiggins,RepBrianHiggins,RepBrianHiggins,RepBrianHiggins,
Brian Mast ,Rep,3-Jan-17,repbrianmast,repbrianmast,repbrianmast,repbrianmast,
Bruce Westerman ,Rep,3-Jan-15,RepWesterman,RepWesterman,RepWesterman,RepWesterman,
Bryan Steil ,Rep,3-Jan-19,RepBryanSteil,RepBryanSteil,RepBryanSteil,RepBryanSteil,
Buddy Carter ,Rep,3-Jan-15,RepBuddyCarter,RepBuddyCarter,RepBuddyCarter,RepBuddyCarter,
Carol Miller ,Rep,3-Jan-19,RepCarolMiller,RepCarolMiller,RepCarolMiller,RepCarolMiller,
Carolyn Maloney ,Rep,3-Jan-93,RepMaloney,RepMaloney,RepMaloney,RepMaloney,
Cathy McMorris Rodgers,Rep,3-Jan-05,CathyMcMorris,CathyMcMorris,CathyMcMorris,CathyMcMorris,
Cedric Richmond ,Rep,3-Jan-11,RepRichmond,RepRichmond,RepRichmond,RepRichmond,
Charlie Crist ,Rep,3-Jan-17,repcharliecrist,repcharliecrist,repcharliecrist,repcharliecrist,
Chellie Pingree ,Rep,3-Jan-09,ChelliePingree,ChelliePingree,ChelliePingree,ChelliePingree,
Cheri Bustos ,Rep,3-Jan-13,RepCheri,RepCheri,RepCheri,RepCheri,
Chip Roy ,Rep,3-Jan-19,RepChipRoy,RepChipRoy,RepChipRoy,RepChipRoy,
Chris Collins ,Rep,3-Jan-13,RepChrisCollins,RepChrisCollins,RepChrisCollins,RepChrisCollins,
Chris Pappas ,Rep,3-Jan-19,RepChrisPappas,RepChrisPappas,RepChrisPappas,RepChrisPappas,
Chris Stewart ,Rep,3-Jan-13,RepChrisStewart,RepChrisStewart,RepChrisStewart,RepChrisStewart,
Chrissy Houlahan ,Rep,3-Jan-19,RepHoulahan,RepHoulahan,RepHoulahan,RepHoulahan,
Christopher Smith ,Rep,3-Jan-81,RepChrisSmith,RepChrisSmith,RepChrisSmith,RepChrisSmith,
Chuck Fleischmann ,Rep,3-Jan-11,RepChuck,RepChuck,RepChuck,RepChuck,
Cindy Axne ,Rep,3-Jan-19,RepCindyAxne,RepCindyAxne,RepCindyAxne,RepCindyAxne,
Clay Higgins ,Rep,3-Jan-17,RepClayHiggins,RepClayHiggins,RepClayHiggins,RepClayHiggins,
Colin Allred ,Rep,3-Jan-19,RepColinAllred,RepColinAllred,RepColinAllred,RepColinAllred,
Collin Peterson ,Rep,3-Jan-91,collinpeterson,,,,collinpeterson
Conor Lamb ,Rep,12-Apr-18,RepConorLamb,RepConorLamb,RepConorLamb,RepConorLamb,
Dan Crenshaw ,Rep,3-Jan-19,RepDanCrenshaw,RepDanCrenshaw,RepDanCrenshaw,RepDanCrenshaw,
Dan Kildee ,Rep,3-Jan-13,RepDanKildee,RepDanKildee,RepDanKildee,RepDanKildee,
Dan Lipinski ,Rep,3-Jan-05,RepLipinski,RepLipinski,RepLipinski,RepLipinski,
Dan Meuser ,Rep,3-Jan-19,RepMeuser,RepMeuser,RepMeuser,RepMeuser,
Dan Newhouse ,Rep,3-Jan-15,RepNewhouse,RepNewhouse,RepNewhouse,RepNewhouse,
Daniel Webster ,Rep,3-Jan-11,RepWebster,RepWebster,RepWebster,RepWebster,
Danny K. Davis,Rep,3-Jan-97,RepDannyDavis,RepDannyDavis,RepDannyDavis,RepDannyDavis,
Darin LaHood ,Rep,10-Sep-15,RepLaHood,RepLaHood,RepLaHood,RepLaHood,
Darren Soto ,Rep,3-Jan-17,RepDarrenSoto,RepDarrenSoto,RepDarrenSoto,RepDarrenSoto,
Dave Loebsack ,Rep,3-Jan-07,DaveLoebsack,DaveLoebsack,DaveLoebsack,DaveLoebsack,
David Cicilline ,Rep,3-Jan-11,RepCicilline,RepCicilline,RepCicilline,RepCicilline,
David Joyce ,Rep,3-Jan-13,RepDaveJoyce,RepDaveJoyce,RepDaveJoyce,RepDaveJoyce,
David Kustoff ,Rep,3-Jan-17,repdavidkustoff,repdavidkustoff,repdavidkustoff,repdavidkustoff,
David McKinley ,Rep,3-Jan-11,RepMcKinley,RepMcKinley,RepMcKinley,RepMcKinley,
David Price ,Rep,3-Jan-97,RepDavidEPrice,RepDavidEPrice,RepDavidEPrice,RepDavidEPrice,
David Rouzer ,Rep,3-Jan-15,RepDavidRouzer,RepDavidRouzer,RepDavidRouzer,RepDavidRouzer,
David Schweikert ,Rep,3-Jan-13,RepDavid,RepDavid,RepDavid,RepDavid,
David Scott ,Rep,3-Jan-03,RepDavidScott,RepDavidScott,RepDavidScott,RepDavidScott,
David Trone ,Rep,3-Jan-19,repdavidtrone,repdavidtrone,repdavidtrone,repdavidtrone,
Dean Phillips ,Rep,3-Jan-19,RepDeanPhillips,RepDeanPhillips,RepDeanPhillips,RepDeanPhillips,
Deb Haaland ,Rep,3-Jan-19,RepDebHaaland,RepDebHaaland,RepDebHaaland,RepDebHaaland,
Debbie Dingell ,Rep,3-Jan-15,RepDebDingell,RepDebDingell,RepDebDingell,RepDebDingell,
Debbie Lesko ,Rep,7-May-18,RepDLesko,RepDLesko,RepDLesko,RepDLesko,
Debbie Mucarsel-Powell ,Rep,3-Jan-19,RepDMP,RepDMP,RepDMP,RepDMP,
Debbie Wasserman Schultz,Rep,3-Jan-05,RepDWStweets,RepDWStweets,RepDWStweets,RepDWStweets,
Dennis Heck ,Rep,3-Jan-13,RepDennyHeck,RepDennyHeck,RepDennyHeck,RepDennyHeck,
Denver Riggleman ,Rep,3-Jan-19,RepRiggleman,RepRiggleman,RepRiggleman,RepRiggleman,
Derek Kilmer ,Rep,3-Jan-13,RepDerekKilmer,RepDerekKilmer,RepDerekKilmer,RepDerekKilmer,
Devin Nunes ,Rep,3-Jan-03,RepDevinNunes,RepDevinNunes,RepDevinNunes,RepDevinNunes,
Diana DeGette ,Rep,3-Jan-97,RepDianaDeGette,RepDianaDeGette,RepDianaDeGette,RepDianaDeGette,
Dina Titus ,Rep,3-Jan-13,RepDinaTitus,RepDinaTitus,RepDinaTitus,RepDinaTitus,
Don Bacon ,Rep,3-Jan-17,repdonbacon,repdonbacon,repdonbacon,repdonbacon,
Don Beyer ,Rep,3-Jan-15,RepDonBeyer,RepDonBeyer,RepDonBeyer,RepDonBeyer,
Don Young ,Rep,5-Dec-17,RepDonYoung,RepDonYoung,RepDonYoung,RepDonYoung,
Donald McEachin ,Rep,3-Jan-17,RepMcEachin,RepMcEachin,RepMcEachin,RepMcEachin,
Donald Norcross ,Rep,12-Nov-14,DonaldNorcross,DonaldNorcross,DonaldNorcross,DonaldNorcross,
Donald Payne Jr.,Rep,15-Nov-12,RepDonaldPayne,RepDonaldPayne,RepDonaldPayne,RepDonaldPayne,
Donna Shalala ,Rep,3-Jan-19,RepShalala,RepShalala,RepShalala,RepShalala,
Doris Matsui ,Rep,10-Mar-05,DorisMatsui,DorisMatsui,DorisMatsui,DorisMatsui,
Doug Collins ,Rep,3-Jan-13,RepDougCollins,RepDougCollins,RepDougCollins,RepDougCollins,
Doug LaMalfa ,Rep,3-Jan-13,RepLaMalfa,RepLaMalfa,RepLaMalfa,RepLaMalfa,
Doug Lamborn ,Rep,3-Jan-07,RepDLamborn,RepDLamborn,RepDLamborn,RepDLamborn,
Drew Ferguson ,Rep,3-Jan-17,RepDrewFerguson,RepDrewFerguson,RepDrewFerguson,RepDrewFerguson,
Duncan D. Hunter,Rep,3-Jan-13,Rep_Hunter,Rep_Hunter,Rep_Hunter,Rep_Hunter,
Dusty Johnson ,Rep,3-Jan-19,RepDustyJohnson,RepDustyJohnson,RepDustyJohnson,RepDustyJohnson,
Dutch Ruppersberger ,Rep,3-Jan-03,Call_Me_Dutch,Call_Me_Dutch,Call_Me_Dutch,Call_Me_Dutch,
Dwight Evans ,Rep,14-Nov-16,RepDwightEvans,RepDwightEvans,RepDwightEvans,RepDwightEvans,
Earl Blumenauer ,Rep,21-May-96,repblumenauer,repblumenauer,BlumenauerMedia,BlumenauerMedia,repblumenauer(CSPAN) BlumenauerMedia(REST)
Ed Case ,Rep,3-Jan-19,RepEdCase,RepEdCase,RepEdCase,RepEdCase,
Ed Perlmutter ,Rep,3-Jan-07,RepPerlmutter,RepPerlmutter,RepPerlmutter,RepPerlmutter,
Eddie Bernice Johnson,Rep,3-Jan-93,RepEBJ,RepEBJ,RepEBJ,RepEBJ,
Elaine Luria ,Rep,3-Jan-19,RepElaineLuria,RepElaineLuria,RepElaineLuria,RepElaineLuria,
Eleanor Holmes Norton,Rep,3-Jan-91,EleanorNorton,EleanorNorton,EleanorNorton,EleanorNorton,
Elijah Cummings ,Rep,16-Apr-96,RepCummings,RepCummings,RepCummings,RepCummings,
Eliot Engel ,Rep,3-Jan-89,RepEliotEngel,RepEliotEngel,RepEliotEngel,RepEliotEngel,
Elise Stefanik ,Rep,3-Jan-15,RepStefanik,RepStefanik,RepStefanik,RepStefanik,
Elissa Slotkin ,Rep,3-Jan-19,RepSlotkin,RepSlotkin,RepSlotkin,RepSlotkin,
Emanuel Cleaver ,Rep,3-Jan-05,RepCleaver,RepCleaver,RepCleaver,RepCleaver,
Eric Swalwell ,Rep,3-Jan-13,RepSwalwell,RepSwalwell,RepSwalwell,RepSwalwell,
Filemon Vela Jr.,Rep,3-Jan-13,RepFilemonVela,RepFilemonVela,RepFilemonVela,RepFilemonVela,
Francis Rooney ,Rep,3-Jan-17,RepRooney,RepRooney,RepRooney,RepRooney,
Frank Lucas ,Rep,10-May-94,RepFrankLucas,RepFrankLucas,RepFrankLucas,RepFrankLucas,
Frank Pallone ,Rep,3-Jan-19,FrankPallone,FrankPallone,FrankPallone,FrankPallone,
Fred Upton ,Rep,3-Jan-93,RepFredUpton,RepFredUpton,RepFredUpton,RepFredUpton,
Frederica Wilson ,Rep,3-Jan-11,RepWilson,RepWilson,RepWilson,RepWilson,
French Hill ,Rep,3-Jan-15,RepFrenchHill,RepFrenchHill,RepFrenchHill,RepFrenchHill,
G. K. Butterfield,Rep,20-Jul-04,GKButterfield,GKButterfield,GKButterfield,GKButterfield,
Garret Graves ,Rep,3-Jan-15,RepGarretGraves,RepGarretGraves,RepGarretGraves,RepGarretGraves,
Gary Palmer ,Rep,3-Jan-15,USRepGaryPalmer,USRepGaryPalmer,USRepGaryPalmer,USRepGaryPalmer,
George Holding ,Rep,3-Jan-17,RepHolding,RepHolding,RepHolding,RepHolding,
Gerry Connolly ,Rep,3-Jan-09,GerryConnolly,GerryConnolly,GerryConnolly,GerryConnolly,
Gil Cisneros ,Rep,3-Jan-19,RepGilCisneros,RepGilCisneros,RepGilCisneros,RepGilCisneros,
Glenn Grothman ,Rep,3-Jan-15,RepGrothman,RepGrothman,RepGrothman,RepGrothman,
Glenn Thompson ,Rep,3-Jan-09,CongressmanGT,CongressmanGT,CongressmanGT,CongressmanGT,
Grace Meng ,Rep,3-Jan-13,RepGraceMeng,RepGraceMeng,RepGraceMeng,RepGraceMeng,
Grace Napolitano ,Rep,3-Jan-99,GraceNapolitano,GraceNapolitano,GraceNapolitano,GraceNapolitano,
Greg Gianforte ,Rep,21-Jun-17,GregForMontana,,,,GregForMontana
Greg Pence ,Rep,3-Jan-19,RepGregPence,RepGregPence,RepGregPence,RepGregPence,
Greg Stanton ,Rep,3-Jan-19,RepGregStanton,RepGregStanton,RepGregStanton,RepGregStanton,
Greg Steube ,Rep,3-Jan-19,RepGregSteube,RepGregSteube,RepGregSteube,RepGregSteube,
Greg Walden ,Rep,3-Jan-99,RepGregWalden,RepGregWalden,RepGregWalden,RepGregWalden,
Gregorio Sablan ,Rep,3-Jan-09,Kilili_Sablan,,Kilili_Sablan,Kilili_Sablan,
Gregory Meeks ,Rep,3-Feb-98,RepGregoryMeeks,RepGregoryMeeks,RepGregoryMeeks,RepGregoryMeeks,
Gus Bilirakis ,Rep,3-Jan-07,RepGusBilirakis,RepGusBilirakis,RepGusBilirakis,RepGusBilirakis,
Guy Reschenthaler ,Rep,3-Jan-19,GReschenthaler,GReschenthaler,GReschenthaler,GReschenthaler,
Gwen Moore ,Rep,3-Jan-05,RepGwenMoore,RepGwenMoore,RepGwenMoore,RepGwenMoore,
Hakeem Jeffries ,Rep,3-Jan-19,RepJeffries,RepJeffries,RepJeffries,RepJeffries,
Hal Rogers ,Rep,3-Jan-81,RepHalRogers,RepHalRogers,RepHalRogers,RepHalRogers,
Haley Stevens ,Rep,3-Jan-19,RepHaleyStevens,RepHaleyStevens,RepHaleyStevens,RepHaleyStevens,
Hank Johnson ,Rep,3-Jan-07,RepHankJohnson,RepHankJohnson,RepHankJohnson,RepHankJohnson,
Harley Rouda ,Rep,3-Jan-19,RepHarley,RepHarley,RepHarley,RepHarley,
Henry Cuellar ,Rep,3-Jan-05,RepCuellar,RepCuellar,RepCuellar,RepCuellar,
Ilhan Omar ,Rep,3-Jan-19,Ilhan,Ilhan,Ilhan,Ilhan,
Jack Bergman ,Rep,3-Jan-19,RepJackBergman,RepJackBergman,RepJackBergman,RepJackBergman,
Jackie Speier ,Rep,3-Jan-13,RepSpeier,RepSpeier,RepSpeier,RepSpeier,
Jackie Walorski ,Rep,3-Jan-13,RepWalorski,RepWalorski,RepWalorski,RepWalorski,
Jahana Hayes ,Rep,3-Jan-19,RepJahanaHayes,RepJahanaHayes,RepJahanaHayes,RepJahanaHayes,
Jaime Herrera Beutler,Rep,3-Jan-11,HerreraBeutler,HerreraBeutler,HerreraBeutler,HerreraBeutler,
James Comer ,Rep,8-Nov-16,KYComer,KYComer,,,(Name is present with no Twitter handle in Github)
James Langevin ,Rep,3-Jan-01,JimLangevin,JimLangevin,JimLangevin,JimLangevin,
Jamie Raskin ,Rep,3-Jan-17,repraskin,repraskin,repraskin,repraskin,
Jan Schakowsky ,Rep,3-Jan-99,JanSchakowsky,JanSchakowsky,JanSchakowsky,JanSchakowsky,
Jared Golden ,Rep,3-Jan-19,repgolden,repgolden,repgolden,repgolden,
Jared Huffman ,Rep,3-Jan-13,RepHuffman,RepHuffman,RepHuffman,RepHuffman,
Jason Crow ,Rep,3-Jan-19,RepJasonCrow,RepJasonCrow,RepJasonCrow,RepJasonCrow,
Jason Smith ,Rep,3-Jan-17,RepJasonSmith,RepJasonSmith,RepJasonSmith,RepJasonSmith,
Jeff Duncan ,Rep,3-Jan-11,RepJeffDuncan,RepJeffDuncan,RepJeffDuncan,RepJeffDuncan,
Jeff Fortenberry ,Rep,3-Jan-05,JeffFortenberry,JeffFortenberry,JeffFortenberry,JeffFortenberry,
Jeff Van Drew,Rep,3-Jan-19,CongressmanJVD,CongressmanJVD,CongressmanJVD,CongressmanJVD,
Jennifer Wexton ,Rep,3-Jan-19,RepWexton,RepWexton,RepWexton,RepWexton,
Jenniffer Gonz·lez ,Rep,3-Jan-17,RepJenniffer,RepJenniffer,RepJenniffer,RepJenniffer,
Jerrold Nadler ,Rep,3-Nov-92,RepJerryNadler,RepJerryNadler,RepJerryNadler,RepJerryNadler,
Jerry McNerney ,Rep,3-Jan-07,RepMcNerney,RepMcNerney,RepMcNerney,RepMcNerney,
Jes˙s GarcÌa ,Rep,3-Jan-19,RepChuyGarcia,RepChuyGarcia,RepChuyGarcia,RepChuyGarcia,
Jim Baird ,Rep,3-Jan-19,RepJimBaird,RepJimBaird,RepJimBaird,RepJimBaird,
Jim Banks ,Rep,3-Jan-17,RepJimBanks,RepJimBanks,RepJimBanks,RepJimBanks,
Jim Clyburn ,Rep,3-Jan-93,WhipClyburn,WhipClyburn,WhipClyburn,WhipClyburn,
Jim Cooper ,Rep,3-Jan-03,RepJimCooper,RepJimCooper,RepJimCooper,RepJimCooper,
Jim Costa ,Rep,3-Jan-05,RepJimCosta,RepJimCosta,RepJimCosta,RepJimCosta,
Jim Hagedorn ,Rep,3-Jan-19,RepHagedorn,RepHagedorn,RepHagedorn,RepHagedorn,
Jim Himes ,Rep,3-Jan-09,jahimes,jahimes,jahimes,jahimes,
Jim Jordan ,Rep,3-Jan-07,Jim_Jordan,Jim_Jordan,Jim_Jordan,Jim_Jordan,
Jim McGovern ,Rep,3-Jan-97,RepMcGovern,RepMcGovern,RepMcGovern,RepMcGovern,
Jim Sensenbrenner ,Rep,3-Jan-79,JimPressOffice,JimPressOffice,JimPressOffice,JimPressOffice,
Jimmy Gomez ,Rep,11-Jul-17,RepJimmyGomez,RepJimmyGomez,RepJimmyGomez,RepJimmyGomez,
Jimmy Panetta ,Rep,3-Jan-17,RepJimmyPanetta,RepJimmyPanetta,RepJimmyPanetta,RepJimmyPanetta,
JoaquÌn Castro ,Rep,3-Jan-13,JoaquinCastrotx,JoaquinCastrotx,JoaquinCastrotx,JoaquinCastrotx,
Jodey Arrington ,Rep,3-Jan-17,RepArrington,RepArrington,RepArrington,RepArrington,
Jody Hice ,Rep,3-Jan-15,congressmanhice,congressmanhice,congressmanhice,congressmanhice,
Joe Courtney ,Rep,3-Jan-07,RepJoeCourtney,RepJoeCourtney,RepJoeCourtney,RepJoeCourtney,
Joe Cunningham ,Rep,3-Jan-19,RepCunningham,RepCunningham,RepCunningham,RepCunningham,
Joe Neguse ,Rep,3-Jan-19,RepJoeNeguse,RepJoeNeguse,RepJoeNeguse,RepJoeNeguse,
Joe Wilson ,Rep,18-Dec-01,RepJoeWilson,RepJoeWilson,RepJoeWilson,RepJoeWilson,
John B. Larson,Rep,3-Jan-99,RepJohnLarson,RepJohnLarson,RepJohnLarson,RepJohnLarson,
John Carter ,Rep,3-Jan-03,JudgeCarter,JudgeCarter,JudgeCarter,JudgeCarter,
John Curtis ,Rep,13-Nov-17,RepJohnCurtis,RepJohnCurtis,RepJohnCurtis,RepJohnCurtis,
John Garamendi ,Rep,3-Nov-09,RepGaramendi,RepGaramendi,RepGaramendi,RepGaramendi,
John Joyce ,Rep,3-Jan-19,RepJohnJoyce,RepJohnJoyce,RepJohnJoyce,RepJohnJoyce,
John Katko ,Rep,3-Jan-15,RepJohnKatko,RepJohnKatko,RepJohnKatko,RepJohnKatko,
John Lewis ,Rep,3-Jan-87,RepJohnLewis,RepJohnLewis,RepJohnLewis,RepJohnLewis,
John Moolenaar ,Rep,3-Jan-15,RepMoolenaar,RepMoolenaar,RepMoolenaar,RepMoolenaar,
John Ratcliffe ,Rep,3-Jan-15,RepRatcliffe,RepRatcliffe,RepRatcliffe,RepRatcliffe,
John Rose ,Rep,3-Jan-19,RepJohnRose,RepJohnRose,RepJohnRose,RepJohnRose,
John Rutherford ,Rep,3-Jan-17,RepRutherfordFL,RepRutherfordFL,RepRutherfordFL,RepRutherfordFL,
John Sarbanes ,Rep,3-Jan-07,RepSarbanes,RepSarbanes,RepSarbanes,RepSarbanes,
John Shimkus ,Rep,3-Jan-13,RepShimkus,RepShimkus,RepShimkus,RepShimkus,
John Yarmuth ,Rep,3-Jan-07,RepJohnYarmuth,RepJohnYarmuth,RepJohnYarmuth,RepJohnYarmuth,
JosÈ E. Serrano,Rep,21-Mar-90,RepJoseSerrano,RepJoseSerrano,RepJoseSerrano,RepJoseSerrano,
Joseph D. Morelle,Rep,13-Nov-18,RepJoeMorelle,RepJoeMorelle,RepJoeMorelle,RepJoeMorelle,
Joseph P. Kennedy,Rep,3-Jan-13,RepJoeKennedy,RepJoeKennedy,RepJoeKennedy,RepJoeKennedy,
Josh Gottheimer ,Rep,3-Jan-17,RepJoshG,RepJoshG,RepJoshG,RepJoshG,
Josh Harder ,Rep,3-Jan-19,RepJoshHarder,RepJoshHarder,RepJoshHarder,RepJoshHarder,
Joyce Beatty ,Rep,3-Jan-13,RepBeatty,RepBeatty,RepBeatty,RepBeatty,
Juan Vargas ,Rep,3-Jan-13,RepJuanVargas,RepJuanVargas,RepJuanVargas,RepJuanVargas,
Judy Chu ,Rep,14-Jul-09,RepJudyChu,RepJudyChu,RepJudyChu,RepJudyChu,
Julia Brownley ,Rep,3-Jan-13,RepBrownley,RepBrownley,JuliaBrownley26,JuliaBrownley26,RepBrownley(CSPAN) JuliaBrownley26(REST)
Justin Amash ,Rep,3-Jan-11,justinamash,justinamash,,,(Name is present with no Twitter handle in Github)
Karen Bass ,Rep,3-Jan-11,RepKarenBass,RepKarenBass,RepKarenBass,RepKarenBass,
Katherine Clark ,Rep,12-Dec-13,RepKClark,RepKClark,RepKClark,RepKClark,
Kathleen Rice ,Rep,3-Jan-15,RepKathleenRice,RepKathleenRice,RepKathleenRice,RepKathleenRice,
Kathy Castor ,Rep,3-Jan-07,USRepKCastor,USRepKCastor,USRepKCastor,USRepKCastor,
Katie Hill ,Rep,3-Jan-19,RepKatieHill,RepKatieHill,RepKatieHill,RepKatieHill,
Katie Porter ,Rep,3-Jan-19,RepKatiePorter,RepKatiePorter,RepKatiePorter,RepKatiePorter,
Kay Granger ,Rep,3-Jan-97,RepKayGranger,RepKayGranger,RepKayGranger,RepKayGranger,
Kelly Armstrong ,Rep,3-Jan-19,RepArmstrongND,RepArmstrongND,RepArmstrongND,RepArmstrongND,
Ken Buck ,Rep,3-Jan-15,RepKenBuck,RepKenBuck,RepKenBuck,RepKenBuck,
Ken Calvert ,Rep,3-Jan-13,KenCalvert,KenCalvert,KenCalvert,KenCalvert,
Kendra Horn ,Rep,3-Jan-19,RepKendraHorn,RepKendraHorn,RepKendraHorn,RepKendraHorn,
Kenny Marchant ,Rep,3-Jan-05,RepKenMarchant,RepKenMarchant,RepKenMarchant,RepKenMarchant,
Kevin Brady ,Rep,3-Jan-97,RepKevinBrady,RepKevinBrady,RepKevinBrady,RepKevinBrady,
Kevin Hern ,Rep,13-Nov-18,repkevinhern,repkevinhern,repkevinhern,repkevinhern,
Kevin McCarthy ,Rep,3-Jan-07,GOPLeader,GOPLeader,GOPLeader,GOPLeader,
Kim Schrier ,Rep,3-Jan-19,RepKimSchrier,RepKimSchrier,RepKimSchrier,RepKimSchrier,
Kurt Schrader ,Rep,3-Jan-09,RepSchrader,RepSchrader,RepSchrader,RepSchrader,
Lacy Clay ,Rep,3-Jan-01,LacyClayMO1,LacyClayMO1,,,(Name is present with no Twitter handle in Github)
Lance Gooden ,Rep,3-Jan-19,RepLanceGooden,RepLanceGooden,RepLanceGooden,RepLanceGooden,
Larry Bucshon ,Rep,3-Jan-11,RepLarryBucshon,RepLarryBucshon,RepLarryBucshon,RepLarryBucshon,
Lauren Underwood ,Rep,3-Jan-19,RepUnderwood,RepUnderwood,RepUnderwood,RepUnderwood,
Lee Zeldin ,Rep,3-Jan-15,RepLeeZeldin,RepLeeZeldin,RepLeeZeldin,RepLeeZeldin,
Linda S·nchez ,Rep,3-Jan-03,RepLindaSanchez,RepLindaSanchez,RepLindaSanchez,RepLindaSanchez,
Lisa Blunt Rochester,Rep,3-Jan-17,RepLBR,RepLBR,RepLBR,RepLBR,
Liz Cheney ,Rep,3-Jan-17,RepLizCheney,RepLizCheney,RepLizCheney,RepLizCheney,
Lizzie Fletcher ,Rep,3-Jan-19,RepFletcher,RepFletcher,RepFletcher,RepFletcher,
Lloyd Doggett ,Rep,3-Jan-95,RepLloydDoggett,RepLloydDoggett,RepLloydDoggett,RepLloydDoggett,
Lloyd Smucker ,Rep,3-Jan-17,RepSmucker,RepSmucker,RepSmucker,RepSmucker,
Lois Frankel ,Rep,3-Jan-13,RepLoisFrankel,RepLoisFrankel,RepLoisFrankel,RepLoisFrankel,
Lori Trahan ,Rep,3-Jan-19,RepLoriTrahan,RepLoriTrahan,RepLoriTrahan,RepLoriTrahan,
Lou Correa ,Rep,3-Jan-17,RepLouCorrea,RepLouCorrea,RepLouCorrea,RepLouCorrea,
Louie Gohmert ,Rep,3-Jan-05,RepLouieGohmert,RepLouieGohmert,RepLouieGohmert,RepLouieGohmert,
Lucille Roybal-Allard ,Rep,3-Jan-93,RepRoybalAllard,RepRoybalAllard,RepRoybalAllard,RepRoybalAllard,
Lucy McBath ,Rep,3-Jan-19,replucymcbath,replucymcbath,replucymcbath,replucymcbath,
Mac Thornberry ,Rep,3-Jan-95,MacTXPress,MacTXPress,MacTXPress,MacTXPress,
Madeleine Dean ,Rep,3-Jan-19,RepDean,RepDean,RepDean,RepDean,
Marc Veasey ,Rep,3-Jan-13,RepVeasey,RepVeasey,RepVeasey,RepVeasey,
Marcia Fudge ,Rep,18-Nov-08,RepMarciaFudge,RepMarciaFudge,RepMarciaFudge,RepMarciaFudge,
Marcy Kaptur ,Rep,3-Jan-83,RepMarcyKaptur,RepMarcyKaptur,RepMarcyKaptur,RepMarcyKaptur,
Mario Diaz-Balart ,Rep,3-Jan-03,MarioDB,MarioDB,MarioDB,MarioDB,
Mark Amodei ,Rep,13-Sep-11,MarkAmodeiNV2,MarkAmodeiNV2,MarkAmodeiNV2,MarkAmodeiNV2,
Mark DeSaulnier ,Rep,3-Jan-15,RepDeSaulnier,RepDeSaulnier,RepDeSaulnier,RepDeSaulnier,
Mark E. Green,Rep,3-Jan-19,RepMarkGreen,RepMarkGreen,RepMarkGreen,RepMarkGreen,
Mark Meadows ,Rep,3-Jan-17,RepMarkMeadows,RepMarkMeadows,RepMarkMeadows,RepMarkMeadows,
Mark Pocan ,Rep,3-Jan-13,RepMarkPocan,RepMarkPocan,RepMarkPocan,RepMarkPocan,
Mark Takano ,Rep,3-Jan-13,RepMarkTakano,RepMarkTakano,RepMarkTakano,RepMarkTakano,
Mark Walker ,Rep,3-Jan-15,RepMarkWalker,RepMarkWalker,RepMarkWalker,RepMarkWalker,
Markwayne Mullin ,Rep,3-Jan-13,RepMullin,RepMullin,RepMullin,RepMullin,
Martha Roby ,Rep,3-Jan-11,RepMarthaRoby,RepMarthaRoby,RepMarthaRoby,RepMarthaRoby,
Mary Gay Scanlon,Rep,13-Nov-18,RepMGS,RepMGS,RepMGS,RepMGS,
Matt Cartwright ,Rep,3-Jan-13,RepCartwright,RepCartwright,RepCartwright,RepCartwright,
Matt Gaetz ,Rep,3-Jan-17,RepMattGaetz,RepMattGaetz,RepMattGaetz,RepMattGaetz,
Max Rose ,Rep,3-Jan-19,RepMaxRose,RepMaxRose,RepMaxRose,RepMaxRose,
Maxine Waters ,Rep,3-Jan-91,RepMaxineWaters,RepMaxineWaters,RepMaxineWaters,RepMaxineWaters,
Michael Burgess ,Rep,3-Jan-03,MichaelCBurgess,MichaelCBurgess,MichaelCBurgess,MichaelCBurgess,
Michael Cloud ,Rep,10-Jul-18,RepCloudTX,RepCloudTX,RepCloudTX,RepCloudTX,
Michael F. Doyle,Rep,3-Jan-95,USRepMikeDoyle,USRepMikeDoyle,USRepMikeDoyle,USRepMikeDoyle,
Michael Guest ,Rep,3-Jan-19,RepMichaelGuest,RepMichaelGuest,RepMichaelGuest,RepMichaelGuest,
Michael McCaul ,Rep,3-Jan-05,RepMcCaul,RepMcCaul,RepMcCaul,RepMcCaul,
Michael San Nicolas,Rep,3-Jan-19,,,,,NO TWITTER
Michael Waltz ,Rep,3-Jan-19,RepMichaelWaltz,RepMichaelWaltz,RepMichaelWaltz,RepMichaelWaltz,
Mike Bost ,Rep,3-Jan-15,RepBost,RepBost,RepBost,RepBost,
Mike Conaway ,Rep,3-Jan-05,ConawayTX11,ConawayTX11,ConawayTX11,ConawayTX11,
Mike Gallagher ,Rep,3-Jan-17,RepGallagher,RepGallagher,RepGallagher,RepGallagher,
Mike Johnson ,Rep,3-Jan-17,RepMikeJohnson,RepMikeJohnson,RepMikeJohnson,RepMikeJohnson,
Mike Kelly ,Rep,3-Jan-11,MikeKellyPA,MikeKellyPA,MikeKellyPA,MikeKellyPA,
Mike Levin ,Rep,3-Jan-19,RepMikeLevin,RepMikeLevin,RepMikeLevin,RepMikeLevin,
Mike Quigley ,Rep,7-Apr-09,RepMikeQuigley,RepMikeQuigley,RepMikeQuigley,RepMikeQuigley,
Mike Rogers ,Rep,3-Jan-03,RepMikeRogersAL,RepMikeRogersAL,RepMikeRogersAL,RepMikeRogersAL,
Mike Simpson ,Rep,3-Jan-99,CongMikeSimpson,CongMikeSimpson,CongMikeSimpson,CongMikeSimpson,
Mike Thompson ,Rep,3-Jan-99,RepThompson,RepThompson,RepThompson,RepThompson,
Mike Turner ,Rep,3-Jan-13,RepMikeTurner,RepMikeTurner,RepMikeTurner,RepMikeTurner,
Mikie Sherrill ,Rep,3-Jan-19,RepSherrill,RepSherrill,RepSherrill,RepSherrill,
Mo Brooks ,Rep,3-Jan-11,RepMoBrooks,RepMoBrooks,RepMoBrooks,RepMoBrooks,
Morgan Griffith ,Rep,3-Jan-11,RepMGriffith,RepMGriffith,RepMGriffith,RepMGriffith,
Nancy Pelosi ,Rep,2-Jun-87,SpeakerPelosi,SpeakerPelosi,SpeakerPelosi,SpeakerPelosi,
Nanette Barrag·n ,Rep,3-Jan-17,RepBarragan,RepBarragan,RepBarragan,RepBarragan,
Neal Dunn ,Rep,3-Jan-17,drnealdunnfl2,drnealdunnfl2,drnealdunnfl2,drnealdunnfl2,
Nita Lowey ,Rep,3-Jan-89,NitaLowey,NitaLowey,NitaLowey,NitaLowey,
Norma Torres ,Rep,3-Jan-15,NormaJTorres,NormaJTorres,NormaJTorres,NormaJTorres,
Nydia Vel·zquez ,Rep,3-Jan-13,NydiaVelazquez,NydiaVelazquez,NydiaVelazquez,NydiaVelazquez,
Patrick McHenry ,Rep,3-Jan-05,PatrickMcHenry,PatrickMcHenry,PatrickMcHenry,PatrickMcHenry,
Paul Cook ,Rep,3-Jan-13,RepPaulCook,RepPaulCook,RepPaulCook,RepPaulCook,
Paul Gosar ,Rep,3-Jan-11,RepGosar,RepGosar,RepGosar,RepGosar,
Paul Mitchell ,Rep,3-Jan-17,RepPaulMitchell,RepPaulMitchell,RepPaulMitchell,RepPaulMitchell,
Paul Tonko ,Rep,3-Jan-13,RepPaulTonko,RepPaulTonko,RepPaulTonko,RepPaulTonko,
Pete Aguilar ,Rep,3-Jan-15,reppeteaguilar,reppeteaguilar,reppeteaguilar,reppeteaguilar,
Pete Olson ,Rep,3-Jan-09,RepPeteOlson,RepPeteOlson,RepPeteOlson,RepPeteOlson,
Pete Stauber ,Rep,3-Jan-19,RepPeteStauber,RepPeteStauber,RepPeteStauber,RepPeteStauber,
Pete Visclosky ,Rep,3-Jan-85,RepVisclosky,RepVisclosky,RepVisclosky,RepVisclosky,
Peter DeFazio ,Rep,3-Jan-87,RepPeterDeFazio,RepPeterDeFazio,RepPeterDeFazio,RepPeterDeFazio,
Peter T. King,Rep,3-Jan-93,RepPeteKing,RepPeteKing,RepPeteKing,RepPeteKing,
Peter Welch ,Rep,3-Jan-07,PeterWelch,PeterWelch,PeterWelch,PeterWelch,
Phil Roe ,Rep,3-Jan-09,DrPhilRoe,DrPhilRoe,DrPhilRoe,DrPhilRoe,
Pramila Jayapal ,Rep,3-Jan-17,RepJayapal,RepJayapal,RepJayapal,RepJayapal,
Raja Krishnamoorthi ,Rep,3-Jan-17,congressmanraja,congressmanraja,congressmanraja,congressmanraja,
Ralph Abraham ,Rep,3-Jan-15,RepAbraham,RepAbraham,RepAbraham,RepAbraham,
Ralph Norman ,Rep,20-Jun-17,RepRalphNorman,RepRalphNorman,RepRalphNorman,RepRalphNorman,
Randy Weber ,Rep,3-Jan-13,TXRandy14,TXRandy14,TXRandy14,TXRandy14,
Rashida Tlaib ,Rep,3-Jan-19,RepRashida,RepRashida,RepRashida,RepRashida,
Raul Ruiz ,Rep,3-Jan-13,CongressmanRuiz,CongressmanRuiz,CongressmanRuiz,CongressmanRuiz,
Ra˙l Grijalva ,Rep,3-Jan-03,RepraulGrijalva,RepraulGrijalva,RepraulGrijalva,RepraulGrijalva,
Richard Hudson ,Rep,3-Jan-13,RepRichHudson,RepRichHudson,RepRichHudson,RepRichHudson,
Richard Neal ,Rep,3-Jan-89,RepRichardNeal,RepRichardNeal,RepRichardNeal,RepRichardNeal,
Rick Crawford ,Rep,3-Jan-11,RepRickCrawford,RepRickCrawford,RepRickCrawford,RepRickCrawford,
Rick Larsen ,Rep,3-Jan-01,RepRickLarsen,RepRickLarsen,RepRickLarsen,RepRickLarsen,
Rick W. Allen,Rep,3-Jan-15,reprickallen,reprickallen,reprickallen,reprickallen,
Ro Khanna ,Rep,3-Jan-17,RepRoKhanna,RepRoKhanna,RepRoKhanna,RepRoKhanna,
Rob Bishop ,Rep,3-Jan-03,RepRobBishop,RepRobBishop,RepRobBishop,RepRobBishop,
Rob Wittman ,Rep,11-Dec-07,RobWittman,RobWittman,RobWittman,RobWittman,
Rob Woodall ,Rep,3-Jan-11,RepRobWoodall,RepRobWoodall,RepRobWoodall,RepRobWoodall,
Robert Aderholt ,Rep,3-Jan-97,Robert_Aderholt,Robert_Aderholt,Robert_Aderholt,Robert_Aderholt,
Robin Kelly ,Rep,11-Apr-13,RepRobinKelly,RepRobinKelly,RepRobinKelly,RepRobinKelly,
Rodney Davis ,Rep,3-Jan-13,RodneyDavis,RodneyDavis,RodneyDavis,RodneyDavis,
Roger Marshall ,Rep,3-Jan-17,RepMarshall,RepMarshall,RepMarshall,RepMarshall,
Roger Williams ,Rep,3-Jan-13,RepRWilliams,RepRWilliams,RepRWilliams,RepRWilliams,
Ron Estes ,Rep,25-Apr-17,RepRonEstes,RepRonEstes,RepRonEstes,RepRonEstes,
Ron Kind ,Rep,3-Jan-97,RepRonKind,RepRonKind,RepRonKind,RepRonKind,
Ron Wright ,Rep,3-Jan-19,RepRonWright,RepRonWright,RepRonWright,RepRonWright,
Rosa DeLauro ,Rep,3-Jan-91,RosaDeLauro,RosaDeLauro,RosaDeLauro,RosaDeLauro,
Ross Spano ,Rep,3-Jan-19,RepRossSpano,RepRossSpano,RepRossSpano,RepRossSpano,
Ruben Gallego ,Rep,3-Jan-15,RepRubenGallego,RepRubenGallego,RepRubenGallego,RepRubenGallego,
Russ Fulcher ,Rep,3-Jan-19,RepRussFulcher,RepRussFulcher,RepRussFulcher,RepRussFulcher,
Salud Carbajal ,Rep,3-Jan-17,RepCarbajal,RepCarbajal,RepCarbajal,RepCarbajal,
Sam Graves ,Rep,3-Jan-01,RepSamGraves,RepSamGraves,RepSamGraves,RepSamGraves,
Sanford Bishop ,Rep,3-Jan-93,SanfordBishop,SanfordBishop,SanfordBishop,SanfordBishop,
Scott DesJarlais ,Rep,3-Jan-11,DesJarlaisTN04,DesJarlaisTN04,DesJarlaisTN04,DesJarlaisTN04,
Scott Perry ,Rep,3-Jan-13,RepScottPerry,RepScottPerry,RepScottPerry,RepScottPerry,
Scott Peters ,Rep,3-Jan-13,RepScottPeters,RepScottPeters,RepScottPeters,RepScottPeters,
Scott Tipton ,Rep,3-Jan-11,RepTipton,RepTipton,RepTipton,RepTipton,
Sean Casten ,Rep,3-Jan-19,RepCasten,RepCasten,RepCasten,RepCasten,
Sean Duffy ,Rep,3-Jan-11,RepSeanDuffy,RepSeanDuffy,RepSeanDuffy,RepSeanDuffy,
Sean Patrick Maloney,Rep,3-Jan-13,RepSeanMaloney,RepSeanMaloney,RepSeanMaloney,RepSeanMaloney,
Seth Moulton ,Rep,3-Jan-15,sethmoulton,sethmoulton,teammoulton,teammoulton,sethmoulton(CSPAN) teammoulton(REST)
Sharice Davids ,Rep,3-Jan-19,RepDavids,RepDavids,RepDavids,RepDavids,
Sheila Jackson Lee,Rep,3-Jan-95,JacksonLeeTX18,JacksonLeeTX18,JacksonLeeTX18,JacksonLeeTX18,
Stacey Plaskett ,Rep,3-Jan-15,staceyplaskett,staceyplaskett,staceyplaskett,staceyplaskett,
Steny Hoyer ,Rep,19-May-81,LeaderHoyer,LeaderHoyer,LeaderHoyer,LeaderHoyer,
Stephanie Murphy ,Rep,3-Jan-17,RepStephMurphy,RepStephMurphy,RepStephMurphy,RepStephMurphy,
Stephen F. Lynch,Rep,16-Oct-01,RepStephenLynch,RepStephenLynch,RepStephenLynch,RepStephenLynch,
Steve Chabot ,Rep,3-Jan-11,RepSteveChabot,RepSteveChabot,RepSteveChabot,RepSteveChabot,
Steve Cohen ,Rep,3-Jan-07,RepCohen,RepCohen,RepCohen,RepCohen,
Steve King ,Rep,3-Jan-03,SteveKingIA,SteveKingIA,SteveKingIA,SteveKingIA,
Steve Scalise ,Rep,3-May-08,SteveScalise,SteveScalise,SteveScalise,SteveScalise,
Steve Stivers ,Rep,3-Jan-11,RepSteveStivers,RepSteveStivers,RepSteveStivers,RepSteveStivers,
Steve Watkins ,Rep,3-Jan-19,Rep_Watkins,Rep_Watkins,Rep_Watkins,Rep_Watkins,
Steve Womack ,Rep,3-Jan-11,Rep_SteveWomack,Rep_SteveWomack,Rep_SteveWomack,Rep_SteveWomack,
Steven Horsford ,Rep,3-Jan-19,RepHorsford,RepHorsford,RepHorsford,RepHorsford,
Steven Palazzo ,Rep,3-Jan-11,CongPalazzo,CongPalazzo,CongPalazzo,CongPalazzo,
Susan Brooks ,Rep,3-Jan-13,SusanWBrooks,SusanWBrooks,SusanWBrooks,SusanWBrooks,
Susan Davis ,Rep,3-Jan-01,RepSusanDavis,RepSusanDavis,RepSusanDavis,RepSusanDavis,
Susan Wild ,Rep,27-Nov-18,RepSusanWild,RepSusanWild,RepSusanWild,RepSusanWild,
Susie Lee ,Rep,3-Jan-19,RepSusieLee,RepSusieLee,RepSusieLee,RepSusieLee,
Suzan DelBene ,Rep,13-Nov-12,RepDelBene,RepDelBene,RepDelBene,RepDelBene,
Suzanne Bonamici ,Rep,31-Jan-12,RepBonamici,RepBonamici,RepBonamici,RepBonamici,
Sylvia Garcia ,Rep,3-Jan-19,RepSylviaGarcia,RepSylviaGarcia,RepSylviaGarcia,RepSylviaGarcia,
Ted Budd ,Rep,3-Jan-17,RepTedBudd,RepTedBudd,RepTedBudd,RepTedBudd,
Ted Deutch ,Rep,13-Apr-10,RepTedDeutch,RepTedDeutch,RepTedDeutch,RepTedDeutch,
Ted Lieu ,Rep,3-Jan-15,RepTedLieu,RepTedLieu,RepTedLieu,RepTedLieu,
Ted Yoho ,Rep,3-Jan-13,RepTedYoho,RepTedYoho,RepTedYoho,RepTedYoho,
Terri Sewell ,Rep,3-Jan-11,RepTerriSewell,RepTerriSewell,RepTerriSewell,RepTerriSewell,
Thomas Massie ,Rep,13-Nov-12,RepThomasMassie,RepThomasMassie,RepThomasMassie,RepThomasMassie,
Thomas Suozzi ,Rep,3-Jan-17,RepTomSuozzi,RepTomSuozzi,RepTomSuozzi,RepTomSuozzi,
Tim Burchett ,Rep,3-Jan-19,RepTimBurchett,RepTimBurchett,RepTimBurchett,RepTimBurchett,
Tim Ryan ,Rep,3-Jan-03,RepTimRyan,RepTimRyan,RepTimRyan,RepTimRyan,
Tim Walberg ,Rep,3-Jan-11,RepWalberg,RepWalberg,RepWalberg,RepWalberg,
TJ Cox ,Rep,3-Jan-19,RepTjCox,RepTjCox,RepTjCox,RepTjCox,
Tom Cole ,Rep,3-Jan-03,TomColeOK04,TomColeOK04,TomColeOK04,TomColeOK04,
Tom Emmer ,Rep,3-Jan-15,RepTomEmmer,RepTomEmmer,RepTomEmmer,RepTomEmmer,
Tom Graves ,Rep,3-Jan-13,RepTomGraves,RepTomGraves,RepTomGraves,RepTomGraves,
Tom Malinowski ,Rep,3-Jan-19,RepMalinowski,RepMalinowski,RepMalinowski,RepMalinowski,
Tom McClintock ,Rep,3-Jan-09,RepMcClintock,RepMcClintock,RepMcClintock,RepMcClintock,
Tom O'Halleran ,Rep,3-Jan-17,repohalleran,repohalleran,repohalleran,repohalleran,
Tom Reed ,Rep,3-Jan-13,RepTomReed,RepTomReed,RepTomReed,RepTomReed,
Tom Rice ,Rep,3-Jan-13,RepTomRice,RepTomRice,RepTomRice,RepTomRice,
Tony C·rdenas ,Rep,3-Jan-13,RepCardenas,RepCardenas,RepCardenas,RepCardenas,
Trent Kelly ,Rep,2-Jun-15,reptrentkelly,reptrentkelly,reptrentkelly,reptrentkelly,
Trey Hollingsworth ,Rep,3-Jan-17,reptrey,reptrey,reptrey,reptrey,
Troy Balderson ,Rep,5-Sep-18,RepBalderson,RepBalderson,RepBalderson,RepBalderson,
Tulsi Gabbard ,Rep,3-Jan-13,TulsiPress,TulsiPress,TulsiPress,TulsiPress,
Val Demings ,Rep,3-Jan-17,RepValDemings,RepValDemings,RepValDemings,RepValDemings,
Van Taylor ,Rep,3-Jan-19,RepVanTaylor,RepVanTaylor,RepVanTaylor,RepVanTaylor,
Vern Buchanan ,Rep,3-Jan-07,VernBuchanan,VernBuchanan,VernBuchanan,VernBuchanan,
Veronica Escobar ,Rep,3-Jan-19,RepEscobar,RepEscobar,RepEscobar,RepEscobar,
Vicente Gonz·lez ,Rep,3-Jan-17,RepGonzalez,RepGonzalez,RepGonzalez,RepGonzalez,
Vicky Hartzler ,Rep,3-Jan-11,RepHartzler,RepHartzler,RepHartzler,RepHartzler,
Virginia Foxx ,Rep,3-Jan-05,VirginiaFoxx,VirginiaFoxx,VirginiaFoxx,VirginiaFoxx,
Warren Davidson ,Rep,7-Jun-16,WarrenDavidson,WarrenDavidson,WarrenDavidson,WarrenDavidson,
Will Hurd ,Rep,3-Jan-15,hurdonthehill,hurdonthehill,hurdonthehill,hurdonthehill,
William Timmons ,Rep,3-Jan-19,RepTimmons,RepTimmons,RepTimmons,RepTimmons,
Xochitl Torres Small,Rep,3-Jan-19,RepTorresSmall,RepTorresSmall,RepTorresSmall,RepTorresSmall,
Yvette Clarke ,Rep,3-Jan-13,RepYvetteClarke,RepYvetteClarke,RepYvetteClarke,RepYvetteClarke,
Zoe Lofgren ,Rep,3-Jan-95,RepZoeLofgren,RepZoeLofgren,RepZoeLofgren,RepZoeLofgren,